method,scene,scale,reflectance,spectral,spatial,synthesis,ha_metric,om_metric,im_metric
bicubic,0,2,0.003571305889636278,0.5752325057983398,0.0,0.01903064362704754,0.10477487742900848,0.10224149376153946,0.7929836511611938
lanczos,0,2,0.003417265135794878,0.5518825054168701,0.0,0.019069470465183258,0.0960506722331047,0.09621766209602356,0.8077316284179688
esrgan,0,2,0.014794541522860527,2.842099666595459,0.02828427031636238,0.021606503054499626,0.38308852910995483,0.1801980882883072,0.4367133378982544
sen2sr,0,2,0.005169899668544531,0.9316400289535522,0.0,0.019237274304032326,0.10539902001619339,0.10828042775392532,0.7863205671310425
bicubic,1,2,0.0027550754602998495,0.67071133852005,0.0,0.02271087095141411,0.20153875648975372,0.22835606336593628,0.5701051950454712
lanczos,1,2,0.002728282241150737,0.6580651998519897,0.0,0.022823024541139603,0.20101071894168854,0.22663475573062897,0.5723545551300049
esrgan,1,2,0.01576848141849041,4.893983364105225,0.03999999910593033,0.023787815123796463,0.36602717638015747,0.33002138137817383,0.3039514422416687
sen2sr,1,2,0.0051351869478821754,1.3016012907028198,0.0,0.02304421178996563,0.2332528531551361,0.22598710656166077,0.5407600402832031
bicubic,2,2,0.0023940186947584152,0.6699068546295166,0.0,0.021815882995724678,0.11225131899118423,0.1520410180091858,0.7357075810432434
lanczos,2,2,0.0023591306526213884,0.6571276783943176,0.0,0.021834641695022583,0.1083972230553627,0.15087972581386566,0.7407230138778687
esrgan,2,2,0.011761427856981754,3.770582914352417,0.04472135752439499,0.022445473819971085,0.24378027021884918,0.2163265496492386,0.5398931503295898
sen2sr,2,2,0.00516722584143281,1.4817790985107422,0.0,0.021941453218460083,0.13312441110610962,0.14805494248867035,0.7188206911087036
bicubic,3,2,0.0022886889055371284,0.6679603457450867,0.0,0.018953097984194756,0.13969716429710388,0.21755845844745636,0.6427443623542786
lanczos,3,2,0.0022542926017194986,0.6534291505813599,0.0,0.018970945850014687,0.1378920078277588,0.216324582695961,0.6457834243774414
esrgan,3,2,0.010216799564659595,3.320582866668701,0.02828427031636238,0.019594751298427582,0.25871092081069946,0.2488122284412384,0.49247685074806213
sen2sr,3,2,0.004911746829748154,1.508741855621338,0.0,0.019029177725315094,0.16441616415977478,0.2151789367198944,0.6204048991203308
bicubic,4,2,0.0023860412184149027,0.6462080478668213,0.0,0.01341702789068222,0.20240044593811035,0.18947109580039978,0.6081284880638123
lanczos,4,2,0.0023884400725364685,0.6407756805419922,0.0,0.0134841687977314,0.20254427194595337,0.1864703893661499,0.610985279083252
esrgan,4,2,0.009016447700560093,2.511042356491089,0.03999999910593033,0.014144002459943295,0.2869052588939667,0.2287323772907257,0.4843623638153076
sen2sr,4,2,0.006434245500713587,2.8906800746917725,0.0,0.014543486759066582,0.28541430830955505,0.19048887491226196,0.5240968465805054
bicubic,5,2,0.0023839615751057863,0.6797966957092285,0.0,0.01352135743945837,0.1395711749792099,0.17312847077846527,0.6873003840446472
lanczos,5,2,0.002344412263482809,0.6657255291938782,0.0,0.013592854142189026,0.13511815667152405,0.16927307844161987,0.6956087946891785
esrgan,5,2,0.009720901027321815,2.9654924869537354,0.019999999552965164,0.014656220562756062,0.2726455330848694,0.17771345376968384,0.5496410131454468
sen2sr,5,2,0.005402572453022003,2.022470235824585,0.0,0.014809861779212952,0.24028784036636353,0.17179764807224274,0.5879145264625549
bicubic,6,2,0.0028393538668751717,0.5884194374084473,0.0,0.011841228231787682,0.22676092386245728,0.08809071034193039,0.6851483583450317
lanczos,6,2,0.0027991291135549545,0.5877935290336609,0.0,0.012012532912194729,0.23132993280887604,0.08431467413902283,0.6843554377555847
esrgan,6,2,0.015924688428640366,4.889277458190918,0.03999999910593033,0.014688105322420597,0.5729954242706299,0.07473399490118027,0.35227057337760925
sen2sr,6,2,0.00813985150307417,1.373132348060608,0.0,0.011996288783848286,0.23078610002994537,0.11522670090198517,0.6539872884750366
bicubic,7,2,0.00212845322676003,0.48176753520965576,0.0,0.006039134226739407,0.1407296359539032,0.24547654390335083,0.6137938499450684
lanczos,7,2,0.0020015761256217957,0.45510441064834595,0.0,0.006101558450609446,0.13767124712467194,0.24230097234249115,0.6200277805328369
esrgan,7,2,0.019699256867170334,4.569392681121826,0.02828427031636238,0.0203869491815567,0.7597060203552246,0.09195525199174881,0.14833873510360718
sen2sr,7,2,0.004410021938383579,1.080515742301941,0.0,0.008155565708875656,0.24467813968658447,0.1987464278936386,0.5565754175186157
bicubic,8,2,0.0021497411653399467,0.6617477536201477,0.0,0.003840358927845955,0.14217481017112732,0.44635945558547974,0.41146573424339294
lanczos,8,2,0.0020702830515801907,0.6373594403266907,0.0,0.003926718607544899,0.14640188217163086,0.4132702052593231,0.4403279721736908
esrgan,8,2,0.00885077379643917,2.890925884246826,0.04472135752439499,0.008348586969077587,0.7027679085731506,0.12039624899625778,0.17683586478233337
sen2sr,8,2,0.003951355814933777,1.5851223468780518,0.0,0.005327083636075258,0.34344327449798584,0.2871515154838562,0.36940518021583557
bicubic,9,2,0.0028987538535147905,0.5902500748634338,0.0,0.009807947091758251,0.2228011041879654,0.3851745128631592,0.39202436804771423
lanczos,9,2,0.002788003534078598,0.5668725967407227,0.0,0.009822985157370567,0.22173918783664703,0.37740224599838257,0.4008585512638092
esrgan,9,2,0.010744777508080006,2.6956377029418945,0.019999999552965164,0.013072147965431213,0.5564180016517639,0.24724283814430237,0.1963392049074173
sen2sr,9,2,0.0065096174366772175,1.3376764059066772,0.0,0.012001879513263702,0.3248569965362549,0.3241714537143707,0.3509715795516968
bicubic,10,2,0.0021704083774238825,0.5243188738822937,0.0,0.010524729266762733,0.0806739330291748,0.16227702796459198,0.757049024105072
lanczos,10,2,0.0022020507603883743,0.523790180683136,0.0,0.010512086562812328,0.08029749989509583,0.16168470680713654,0.7580177783966064
esrgan,10,2,0.010541729629039764,3.115591287612915,0.02828427031636238,0.015002376399934292,0.4421207010746002,0.10422623157501221,0.4536530077457428
sen2sr,10,2,0.007754113525152206,1.9794528484344482,0.0,0.012972927652299404,0.19111286103725433,0.14218194782733917,0.6667052507400513
bicubic,11,2,0.00247294083237648,0.5345486402511597,0.0,0.03388405963778496,0.05288773030042648,0.06262622028589249,0.8844860196113586
lanczos,11,2,0.0024277446791529655,0.5175179839134216,0.0,0.033885419368743896,0.05424138903617859,0.06345272809267044,0.882305920124054
esrgan,11,2,0.009234298020601273,1.9963699579238892,0.04472135752439499,0.03425132483243942,0.0979815274477005,0.08089665323495865,0.8211218118667603
sen2sr,11,2,0.0047220452688634396,1.359785556793213,0.0,0.03406006097793579,0.06330971419811249,0.06287892162799835,0.8738113641738892
bicubic,12,2,0.0026551843620836735,0.516697108745575,0.0,0.03303951770067215,0.0733613669872284,0.08161689341068268,0.845021665096283
lanczos,12,2,0.0025955336168408394,0.4977664649486542,0.0,0.03303886950016022,0.07734602689743042,0.08365848660469055,0.8389954566955566
esrgan,12,2,0.010278970934450626,1.9236562252044678,0.05999999865889549,0.03364003077149391,0.13149495422840118,0.11640380322933197,0.7521012425422668
sen2sr,12,2,0.0044679539278149605,1.248456358909607,0.0,0.03379080072045326,0.0853748470544815,0.08576032519340515,0.8288648128509521
bicubic,13,2,0.0022026810329407454,0.7072942852973938,0.0,0.009669255465269089,0.07160831242799759,0.08522573858499527,0.843165934085846
lanczos,13,2,0.0021433643996715546,0.687818169593811,0.0,0.009722169488668442,0.06928983330726624,0.0805654302239418,0.8501447439193726
esrgan,13,2,0.015498192980885506,6.490281105041504,0.06324554979801178,0.011722794733941555,0.36817488074302673,0.14064590632915497,0.4911792278289795
sen2sr,13,2,0.005266636144369841,1.5662108659744263,0.0,0.010534199886023998,0.10724962502717972,0.08939243853092194,0.8033579587936401
bicubic,14,2,0.0065029701218008995,1.75043785572052,0.0,0.014189260080456734,0.18179020285606384,0.40458330512046814,0.4136265516281128
lanczos,14,2,0.006202272139489651,1.670742392539978,0.0,0.014234188012778759,0.19237196445465088,0.38327139616012573,0.4243566393852234
esrgan,14,2,0.03923172876238823,12.423688888549805,0.03999999910593033,0.022757427766919136,0.6491557955741882,0.15881015360355377,0.19203408062458038
sen2sr,14,2,0.011091435328125954,3.104450225830078,0.0,0.018309984356164932,0.34753718972206116,0.2748160660266876,0.3776467442512512
bicubic,15,2,0.002119261771440506,0.6937669515609741,0.0,0.008402812294661999,0.11853168904781342,0.25035834312438965,0.6311099529266357
lanczos,15,2,0.002047873567789793,0.6715899705886841,0.0,0.008534644730389118,0.11897049099206924,0.23932777345180511,0.6417016983032227
esrgan,15,2,0.01416268851608038,6.267456531524658,0.019999999552965164,0.010274684056639671,0.4255887567996979,0.2059445083141327,0.36846673488616943
sen2sr,15,2,0.005001833662390709,1.463356375694275,0.0,0.009272405877709389,0.1679331660270691,0.23959945142269135,0.5924674272537231
bicubic,16,2,0.002551635028794408,0.5428603291511536,0.0,0.034860797226428986,0.06298638135194778,0.07227055728435516,0.8647430539131165
lanczos,16,2,0.002480496186763048,0.5226120948791504,0.0,0.034862905740737915,0.06502524763345718,0.07353880256414413,0.8614359498023987
esrgan,16,2,0.010535829700529575,2.151413679122925,0.03999999910593033,0.035311292856931686,0.12882287800312042,0.10127381235361099,0.769903302192688
sen2sr,16,2,0.0045630899257957935,1.2676552534103394,0.0,0.03505261614918709,0.07699982076883316,0.07336744666099548,0.8496327996253967
bicubic,17,2,0.002263134578242898,0.4213833212852478,0.0,0.034542713314294815,0.05705760791897774,0.06300430744886398,0.8799381256103516
lanczos,17,2,0.0022222446277737617,0.40693190693855286,0.0,0.03454609215259552,0.0600624606013298,0.06483131647109985,0.8751062750816345
esrgan,17,2,0.008198526687920094,1.6254453659057617,0.03999999910593033,0.03505551442503929,0.08920010924339294,0.08382204174995422,0.8269778490066528
sen2sr,17,2,0.004202075302600861,1.1212046146392822,0.0,0.035358019173145294,0.06086570397019386,0.062094539403915405,0.8770397305488586
bicubic,18,2,0.002563591580837965,0.570372998714447,0.0,0.00634769769385457,0.22594515979290009,0.3557763695716858,0.41827845573425293
lanczos,18,2,0.0024993293918669224,0.5646606087684631,0.0,0.006376958452165127,0.21670883893966675,0.3491351008415222,0.43415603041648865
esrgan,18,2,0.009108765050768852,2.7952170372009277,0.05999999865889549,0.009300746023654938,0.5786998271942139,0.2040715515613556,0.21722865104675293
sen2sr,18,2,0.007861195132136345,1.6203436851501465,0.0,0.010063398629426956,0.37656643986701965,0.291229784488678,0.33220377564430237
bicubic,19,2,0.002370355185121298,0.43067431449890137,0.0,0.018055491149425507,0.07783596217632294,0.08476835489273071,0.8373956680297852
lanczos,19,2,0.0023114136420190334,0.4214005470275879,0.0,0.018059605732560158,0.07535775750875473,0.08256798982620239,0.8420742154121399
esrgan,19,2,0.00898061878979206,2.3432652950286865,0.04472135752439499,0.018844889476895332,0.17699125409126282,0.12077132612466812,0.7022374272346497
sen2sr,19,2,0.0070383562706410885,1.0891860723495483,0.0,0.01816011779010296,0.09630067646503448,0.0930171012878418,0.8106821775436401
bicubic,20,2,0.005513360258191824,1.4948736429214478,0.0,0.006199538242071867,0.14551466703414917,0.6860897541046143,0.16839560866355896
lanczos,20,2,0.005271499045193195,1.426955223083496,0.0,0.00651699909940362,0.17316728830337524,0.6370340585708618,0.18979859352111816
esrgan,20,2,0.02627907320857048,7.3772759437561035,0.03999999910593033,0.017766909673810005,0.7805802226066589,0.11955960094928741,0.09986018389463425
sen2sr,20,2,0.009143509902060032,2.5319550037384033,0.0,0.011297233402729034,0.41616135835647583,0.3681820333003998,0.2156566083431244
bicubic,21,2,0.0016604235861450434,0.552741527557373,0.0,0.008772690780460835,0.177011638879776,0.1347516030073166,0.6882368326187134
lanczos,21,2,0.001639069290831685,0.5361766219139099,0.0,0.008784926496446133,0.17289966344833374,0.1311708390712738,0.6959295868873596
esrgan,21,2,0.009072376415133476,3.782945394515991,0.019999999552965164,0.009439471177756786,0.4662773907184601,0.21467392146587372,0.319048672914505
sen2sr,21,2,0.003714485326781869,1.1961101293563843,0.0,0.008594694547355175,0.17523039877414703,0.15838313102722168,0.6663864254951477
bicubic,22,2,0.003232219722121954,0.8316056132316589,0.0,0.014648636803030968,0.08510859310626984,0.08782298862934113,0.8270683884620667
lanczos,22,2,0.003141758730635047,0.7980051636695862,0.0,0.014723566360771656,0.08361074328422546,0.08360426127910614,0.8327850699424744
esrgan,22,2,0.02278880774974823,7.749281883239746,0.05999999865889549,0.017408078536391258,0.3820859491825104,0.13741235435009003,0.4805016815662384
sen2sr,22,2,0.009051770903170109,2.148658514022827,0.0,0.014756410382688046,0.12164037674665451,0.11345627903938293,0.7649033665657043
bicubic,23,2,0.0028229844756424427,0.692017674446106,0.0,0.011647066101431847,0.20569780468940735,0.17876887321472168,0.6155332922935486
lanczos,23,2,0.0027571353130042553,0.6781415343284607,0.0,0.011748834513127804,0.20868515968322754,0.17583714425563812,0.6154776215553284
esrgan,23,2,0.01823512464761734,6.694712162017822,0.06324554979801178,0.014374139718711376,0.5854671597480774,0.15937408804893494,0.25515881180763245
sen2sr,23,2,0.00778299430385232,1.6890372037887573,0.0,0.012572699226439,0.24720850586891174,0.1832682341337204,0.569523274898529
bicubic,24,2,0.0020619037095457315,0.5594378113746643,0.0,0.01403220184147358,0.14313167333602905,0.1307942271232605,0.7260740995407104
lanczos,24,2,0.0019760397262871265,0.5377489328384399,0.0,0.014201358892023563,0.15167772769927979,0.12973642349243164,0.7185858488082886
esrgan,24,2,0.01098661683499813,3.8981661796569824,0.019999999552965164,0.014811336062848568,0.3077293932437897,0.22728805243968964,0.4649824798107147
sen2sr,24,2,0.005014779511839151,1.135554313659668,0.0,0.014948403462767601,0.1620432287454605,0.1323174238204956,0.7056393027305603
bicubic,25,2,0.00535602169111371,1.3084936141967773,0.0,0.026789238676428795,0.08551544696092606,0.06573067605495453,0.8487538695335388
lanczos,25,2,0.005179162137210369,1.2681300640106201,0.0,0.026955414563417435,0.08412472903728485,0.06344717741012573,0.8524280190467834
esrgan,25,2,0.027405550703406334,7.51884126663208,0.02828427031636238,0.031481578946113586,0.47029829025268555,0.08178726583719254,0.4479144811630249
sen2sr,25,2,0.01309237815439701,3.035653829574585,0.0,0.02791050262749195,0.11948174238204956,0.07696905732154846,0.8035491704940796
bicubic,26,2,0.0032382814679294825,0.7164915204048157,0.0,0.006596770603209734,0.0970444455742836,0.7520655989646912,0.15088990330696106
lanczos,26,2,0.003160494612529874,0.7059665322303772,0.0,0.006655364762991667,0.1011243462562561,0.7394731640815735,0.1594024896621704
esrgan,26,2,0.013415321707725525,3.718550443649292,0.10000000149011612,0.011171452701091766,0.5250216126441956,0.26433515548706055,0.2106432020664215
sen2sr,26,2,0.010130693204700947,2.2943148612976074,0.0,0.011040651239454746,0.29613935947418213,0.5194047689437866,0.18445591628551483
bicubic,27,2,0.0017648005159571767,0.5750302076339722,0.0,0.008875015191733837,0.06394600123167038,0.0785997286438942,0.857454240322113
lanczos,27,2,0.0017233203398063779,0.5613675117492676,0.0,0.008873467333614826,0.06176212802529335,0.07754819095134735,0.8606896996498108
esrgan,27,2,0.011100598610937595,4.813856601715088,0.03999999910593033,0.010037130676209927,0.24792176485061646,0.14225052297115326,0.6098276972770691
sen2sr,27,2,0.004493093583732843,1.3249379396438599,0.0,0.00955017376691103,0.08625143766403198,0.0828305184841156,0.8309181332588196
bicubic,28,2,0.002056179102510214,0.47714051604270935,0.0,0.012490379624068737,0.1019657552242279,0.06786474585533142,0.8301694393157959
lanczos,28,2,0.0020080814138054848,0.4607557952404022,0.0,0.01251017116010189,0.09996689856052399,0.06649403274059296,0.8335390686988831
esrgan,28,2,0.015669630840420723,5.365885257720947,0.019999999552965164,0.015796206891536713,0.4586300551891327,0.1753624528646469,0.3660074770450592
sen2sr,28,2,0.005360642448067665,1.395585536956787,0.0,0.013465188443660736,0.13788369297981262,0.07011383026838303,0.7920023798942566
bicubic,29,2,0.0027194737922400236,0.6396195292472839,0.0,0.033123958855867386,0.16587141156196594,0.692305862903595,0.1418227106332779
lanczos,29,2,0.0026678957510739565,0.6289276480674744,0.0,0.033152829855680466,0.16658149659633636,0.6914912462234497,0.14192722737789154
esrgan,29,2,0.008557499386370182,2.2739696502685547,0.019999999552965164,0.034080326557159424,0.17154036462306976,0.6586055159568787,0.16985411942005157
sen2sr,29,2,0.006678329315036535,1.464505910873413,0.0,0.03590491786599159,0.17476990818977356,0.6759365200996399,0.14929357171058655
bicubic,30,2,0.0037967204116284847,1.092170238494873,0.0,0.005235123913735151,0.11431562155485153,0.6258608102798462,0.25982359051704407
lanczos,30,2,0.003632752224802971,1.0490362644195557,0.0,0.0054320041090250015,0.13120336830615997,0.5964627265930176,0.27233389019966125
esrgan,30,2,0.014482549391686916,4.332828998565674,0.03999999910593033,0.0136434780433774,0.7808204293251038,0.1040133684873581,0.11516617238521576
sen2sr,30,2,0.007402821443974972,2.402843475341797,0.0,0.009066418744623661,0.35346582531929016,0.33814966678619385,0.308384507894516
bicubic,31,2,0.0020119897089898586,0.4022899270057678,0.0,0.015916435047984123,0.08349593728780746,0.11127322912216187,0.8052308559417725
lanczos,31,2,0.001965300412848592,0.3965255320072174,0.0,0.015989597886800766,0.08077266067266464,0.109598807990551,0.8096285462379456
esrgan,31,2,0.006146049592643976,1.4766671657562256,0.04472135752439499,0.016754966229200363,0.20102481544017792,0.13984452188014984,0.6591306328773499
sen2sr,31,2,0.006396484095603228,1.163612961769104,0.0,0.015774037688970566,0.09672322869300842,0.1274123638868332,0.7758643627166748
bicubic,32,2,0.0023652827367186546,0.46058574318885803,0.0,0.0061612860299646854,0.207440584897995,0.5383185744285583,0.25424081087112427
lanczos,32,2,0.002353833056986332,0.44862064719200134,0.0,0.006204803474247456,0.21084417402744293,0.524482786655426,0.26467305421829224
esrgan,32,2,0.012271204963326454,3.1267900466918945,0.0,0.010280092246830463,0.6303763389587402,0.22400562465190887,0.1456180363893509
sen2sr,32,2,0.008976058103144169,1.9610157012939453,0.0,0.00937904417514801,0.41339942812919617,0.38721397519111633,0.19938664138317108
bicubic,33,2,0.004100196994841099,1.1121840476989746,0.0,0.0057509723119437695,0.059174053370952606,0.29684555530548096,0.6439803838729858
lanczos,33,2,0.003939222544431686,1.0656657218933105,0.0,0.005992555059492588,0.0672876164317131,0.28557878732681274,0.6471336483955383
esrgan,33,2,0.023083742707967758,6.746913433074951,0.04472135752439499,0.016052043065428734,0.6975071430206299,0.07686430215835571,0.2256285399198532
sen2sr,33,2,0.008159688673913479,2.2375104427337646,0.0,0.010681827552616596,0.2625291347503662,0.1928277611732483,0.5446431636810303
bicubic,34,2,0.0023293246049433947,0.6064513921737671,0.0,0.005698696710169315,0.08437773585319519,0.7502692937850952,0.1653529852628708
lanczos,34,2,0.0023029365111142397,0.6000476479530334,0.0,0.005769902374595404,0.08920868486166,0.7417739629745483,0.16901728510856628
esrgan,34,2,0.008203615434467793,2.1277694702148438,0.02828427031636238,0.014372516423463821,0.5804866552352905,0.09875074774026871,0.3207625448703766
sen2sr,34,2,0.006279142573475838,1.569377064704895,0.0,0.013455851003527641,0.36343276500701904,0.08279644697904587,0.5537707209587097
bicubic,35,2,0.005125023890286684,1.372304916381836,0.0,0.007764311973005533,0.2132706642150879,0.47278907895088196,0.31394025683403015
lanczos,35,2,0.004899564664810896,1.3097991943359375,0.0,0.007944450713694096,0.22946810722351074,0.44660744071006775,0.3239244520664215
esrgan,35,2,0.026081643998622894,7.392081260681152,0.03999999910593033,0.016155125573277473,0.6828209161758423,0.18999025225639343,0.1271887868642807
sen2sr,35,2,0.008048680610954762,2.3884172439575195,0.0,0.01192974578589201,0.3947901129722595,0.3244205117225647,0.2807893753051758
bicubic,36,2,0.002091288333758712,0.5797826647758484,0.0,0.0073581887409091,0.19222497940063477,0.297664076089859,0.5101110339164734
lanczos,36,2,0.0020244852639734745,0.5609458088874817,0.0,0.007389726582914591,0.1881173700094223,0.29990828037261963,0.5119743347167969
esrgan,36,2,0.009472854435443878,3.817692995071411,0.07211102545261383,0.010499303229153156,0.428162544965744,0.2315007895231247,0.3403366208076477
sen2sr,36,2,0.003841223195195198,1.0413105487823486,0.0,0.008479014970362186,0.23320719599723816,0.2675272226333618,0.4992656111717224
bicubic,37,2,0.0021620059851557016,0.5368562340736389,0.0,0.005171175580471754,0.07229875028133392,0.7674164772033691,0.16028477251529694
lanczos,37,2,0.0021203062497079372,0.5277654528617859,0.0,0.005202814005315304,0.07614277303218842,0.7637467384338379,0.1601105034351349
esrgan,37,2,0.00641658715903759,1.9574965238571167,0.019999999552965164,0.013691172003746033,0.44116586446762085,0.08777181804180145,0.4710623621940613
sen2sr,37,2,0.005030028522014618,1.1346465349197388,0.0,0.013214139267802238,0.24505625665187836,0.06413894891738892,0.6908047795295715
bicubic,38,2,0.0027637293096631765,0.7087729573249817,0.0,0.015838051214814186,0.10904167592525482,0.09060198813676834,0.8003563284873962
lanczos,38,2,0.0026881860103458166,0.6850946545600891,0.0,0.015738116577267647,0.10650165379047394,0.09322293102741241,0.800275444984436
esrgan,38,2,0.010964667424559593,2.7563698291778564,0.02828427031636238,0.016851846128702164,0.33536726236343384,0.17414769530296326,0.4904850423336029
sen2sr,38,2,0.005564716178923845,1.422677755355835,0.0,0.015968766063451767,0.13129501044750214,0.10521899908781052,0.7634860873222351
bicubic,39,2,0.0013018996687605977,0.36903077363967896,0.0,0.010762166231870651,0.10542339086532593,0.07378403842449188,0.820792555809021
lanczos,39,2,0.001280318247154355,0.35569894313812256,0.0,0.010761871933937073,0.10483019053936005,0.07270276546478271,0.822467029094696
esrgan,39,2,0.006629756651818752,2.3111774921417236,0.019999999552965164,0.011569632217288017,0.21406246721744537,0.1595093160867691,0.6264281868934631
sen2sr,39,2,0.0026141153648495674,0.9605510234832764,0.0,0.010939904488623142,0.12141838669776917,0.07647186517715454,0.8021097779273987
bicubic,40,2,0.0058142938651144505,1.5004934072494507,0.0,0.008992080576717854,0.10614252835512161,0.4364986717700958,0.45735883712768555
lanczos,40,2,0.0056127808056771755,1.4546881914138794,0.0,0.009234949946403503,0.11717339605093002,0.41611894965171814,0.46670764684677124
esrgan,40,2,0.03029949963092804,7.728435516357422,0.04472135752439499,0.019699055701494217,0.698777437210083,0.11467365175485611,0.18654890358448029
sen2sr,40,2,0.013493656180799007,3.3830244541168213,0.0,0.01639646105468273,0.38530367612838745,0.24027027189731598,0.3744260370731354
bicubic,41,2,0.005337685812264681,1.370067834854126,0.0,0.010907229036092758,0.17316396534442902,0.2048347145318985,0.6220013499259949
lanczos,41,2,0.005091371946036816,1.3003404140472412,0.0,0.011076604016125202,0.16862697899341583,0.18978971242904663,0.6415833830833435
esrgan,41,2,0.027649909257888794,8.5084867477417,0.04472135752439499,0.02281161956489086,0.7425293326377869,0.13031819462776184,0.1271524429321289
sen2sr,41,2,0.009379536844789982,2.2605152130126953,0.0,0.015530196949839592,0.2634676992893219,0.1574537605047226,0.5790784955024719
bicubic,42,2,0.0028125327080488205,0.7226453423500061,0.0,0.013995016925036907,0.22955621778964996,0.0878869816660881,0.6825568079948425
lanczos,42,2,0.0027266074903309345,0.7004939317703247,0.0,0.014076150953769684,0.23368684947490692,0.08791441470384598,0.678398847579956
esrgan,42,2,0.010367962531745434,2.8309884071350098,0.03999999910593033,0.014795982278883457,0.4543001353740692,0.14793816208839417,0.3977617025375366
sen2sr,42,2,0.00570288859307766,1.4264618158340454,0.0,0.014197416603565216,0.25582918524742126,0.10616618394851685,0.6380046010017395
bicubic,43,2,0.0019289047922939062,0.5046681761741638,0.0,0.009112090803682804,0.21464304625988007,0.18323202431201935,0.6021249294281006
lanczos,43,2,0.0018687098054215312,0.4870761036872864,0.0,0.009178662672638893,0.21578766405582428,0.17801131308078766,0.6062010526657104
esrgan,43,2,0.007878437638282776,2.7270283699035645,0.02828427031636238,0.009872693568468094,0.4569934010505676,0.20459158718585968,0.3384150564670563
sen2sr,43,2,0.004478891380131245,1.0076851844787598,0.0,0.00945627223700285,0.26215460896492004,0.18693161010742188,0.5509138107299805
bicubic,44,2,0.005447247996926308,1.3831125497817993,0.0,0.013100209645926952,0.21037136018276215,0.337595671415329,0.45203301310539246
lanczos,44,2,0.005216849502176046,1.32533860206604,0.0,0.013143401592969894,0.21367500722408295,0.31350308656692505,0.4728219211101532
esrgan,44,2,0.02966514602303505,9.35364818572998,0.03999999910593033,0.021923746913671494,0.7424337863922119,0.13894875347614288,0.11861750483512878
sen2sr,44,2,0.009649963118135929,2.411362409591675,0.0,0.016646098345518112,0.3722425699234009,0.24067004024982452,0.3870873749256134
bicubic,45,2,0.002101909602060914,0.4880876839160919,0.0,0.008219529874622822,0.14978545904159546,0.14601826667785645,0.7041962742805481
lanczos,45,2,0.0020707028452306986,0.47524845600128174,0.0,0.00824722833931446,0.14888043701648712,0.13810837268829346,0.7130112051963806
esrgan,45,2,0.018247883766889572,6.71883487701416,0.019999999552965164,0.014102062210440636,0.5721790790557861,0.20501446723937988,0.22280645370483398
sen2sr,45,2,0.0047583915293216705,1.3440667390823364,0.0,0.009669648483395576,0.22255520522594452,0.13329188525676727,0.6441529393196106
bicubic,46,2,0.003752500982955098,0.7822848558425903,0.0,0.008506025187671185,0.17061340808868408,0.39104676246643066,0.43833982944488525
lanczos,46,2,0.0036457031965255737,0.7605785727500916,0.0,0.008614027872681618,0.17822536826133728,0.37571966648101807,0.44605496525764465
esrgan,46,2,0.01581152155995369,4.351757049560547,0.019999999552965164,0.017148364335298538,0.7528494000434875,0.10977184027433395,0.1373787522315979
sen2sr,46,2,0.010169617831707,1.8919068574905396,0.0,0.013238484971225262,0.3963102102279663,0.23464135825634003,0.36904841661453247
bicubic,47,2,0.0033728675916790962,0.9404265880584717,0.0,0.007167349103838205,0.16200536489486694,0.4923784136772156,0.3456161916255951
lanczos,47,2,0.0032801113557070494,0.916845440864563,0.0,0.0072895619086921215,0.16519729793071747,0.4822205901145935,0.35258209705352783
esrgan,47,2,0.01797478459775448,5.3734211921691895,0.019999999552965164,0.015916766598820686,0.7263655662536621,0.15349635481834412,0.12013810873031616
sen2sr,47,2,0.00757378526031971,2.3776402473449707,0.0,0.010644319467246532,0.2903657555580139,0.3752947151660919,0.33433955907821655
bicubic,48,2,0.0035325195640325546,0.8550756573677063,0.0,0.008275354281067848,0.16451498866081238,0.6413628458976746,0.19412218034267426
lanczos,48,2,0.0034048140514642,0.8198581337928772,0.0,0.008425159379839897,0.17961947619915009,0.6059092283248901,0.21447131037712097
esrgan,48,2,0.015209401957690716,4.045342445373535,0.02828427031636238,0.015712430700659752,0.7560140490531921,0.14821544289588928,0.09577053040266037
sen2sr,48,2,0.009022640064358711,1.9763072729110718,0.0,0.012409307062625885,0.4282006025314331,0.38916394114494324,0.18263547122478485
bicubic,49,2,0.0018365563591942191,0.5262198448181152,0.0,0.013461657799780369,0.06974058598279953,0.08846645802259445,0.8417929410934448
lanczos,49,2,0.0018028049962595105,0.5040808916091919,0.0,0.013476201333105564,0.06875798106193542,0.08729595690965652,0.8439460396766663
esrgan,49,2,0.015172393061220646,5.091891288757324,0.02828427031636238,0.016474168747663498,0.4678453207015991,0.21132025122642517,0.3208344280719757
sen2sr,49,2,0.004259014502167702,1.43994140625,0.0,0.014732910320162773,0.0938483327627182,0.09582028537988663,0.8103313446044922
bicubic,50,2,0.0022976247128099203,0.5268678665161133,0.0,0.009102361276745796,0.2079850435256958,0.21437038481235504,0.5776445865631104
lanczos,50,2,0.002236712956801057,0.5126952528953552,0.0,0.009115668013691902,0.2074131816625595,0.2080572247505188,0.5845295786857605
esrgan,50,2,0.00775193003937602,1.928168773651123,0.019999999552965164,0.012072249315679073,0.4770621657371521,0.2742312550544739,0.24870656430721283
sen2sr,50,2,0.005617284681648016,1.2893366813659668,0.0,0.011450879275798798,0.28872954845428467,0.18787404894828796,0.5233964323997498
bicubic,51,2,0.002568807452917099,0.5097966194152832,0.0,0.013284004293382168,0.20574869215488434,0.5012998580932617,0.29295146465301514
lanczos,51,2,0.0025253104977309704,0.49855273962020874,0.0,0.013289650902152061,0.20259839296340942,0.4936620593070984,0.3037395179271698
esrgan,51,2,0.007185942027717829,1.6650679111480713,0.0,0.017283624038100243,0.5905895829200745,0.19536863267421722,0.21404175460338593
sen2sr,51,2,0.0077337417751550674,1.357077717781067,0.0,0.015010368078947067,0.30238908529281616,0.3953778147697449,0.30223309993743896
bicubic,52,2,0.0032701112795621157,0.885686457157135,0.0,0.0074676931835711,0.19322516024112701,0.60561203956604,0.20116272568702698
lanczos,52,2,0.0031371889635920525,0.851182758808136,0.0,0.007558997720479965,0.1957733929157257,0.5812879204750061,0.2229386419057846
esrgan,52,2,0.012354402802884579,3.7649426460266113,0.03999999910593033,0.013450649566948414,0.6410317420959473,0.20502103865146637,0.15394720435142517
sen2sr,52,2,0.006286045536398888,1.6127917766571045,0.0,0.009936746209859848,0.33383071422576904,0.45197513699531555,0.2141941636800766
bicubic,53,2,0.0034523771610111,0.9464243650436401,0.0,0.01418063323944807,0.09408552944660187,0.13806989789009094,0.7678444981575012
lanczos,53,2,0.0032991115003824234,0.9058555960655212,0.0,0.014200214296579361,0.09399546682834625,0.1374339461326599,0.7685706615447998
esrgan,53,2,0.01960948295891285,4.727788925170898,0.03999999910593033,0.019086482003331184,0.45679429173469543,0.2872392535209656,0.2559664249420166
sen2sr,53,2,0.006498055066913366,2.630841016769409,0.0,0.01666906476020813,0.14925357699394226,0.12125951051712036,0.729486882686615
bicubic,54,2,0.0021914534736424685,0.648068904876709,0.0,0.004491815809160471,0.12308365106582642,0.6750466227531433,0.20186972618103027
lanczos,54,2,0.0021092018578201532,0.6234264969825745,0.0,0.004593329969793558,0.13548213243484497,0.6530566811561584,0.21146118640899658
esrgan,54,2,0.009048753418028355,3.468379497528076,0.02828427031636238,0.0098628094419837,0.7313125729560852,0.11955560743808746,0.1491318792104721
sen2sr,54,2,0.004728331230580807,1.5486496686935425,0.0,0.006065473426133394,0.29836583137512207,0.4431547522544861,0.25847941637039185
bicubic,55,2,0.0034923108760267496,0.7127999067306519,0.0,0.009304922074079514,0.1613190621137619,0.465611070394516,0.3730698823928833
lanczos,55,2,0.0033780077937990427,0.6895076036453247,0.0,0.009386234916746616,0.16791287064552307,0.4546101987361908,0.3774769604206085
esrgan,55,2,0.012556803412735462,3.2660419940948486,0.03999999910593033,0.015746761113405228,0.7174310088157654,0.1325494647026062,0.15001946687698364
sen2sr,55,2,0.009323203936219215,1.5426111221313477,0.0,0.012614858336746693,0.35418838262557983,0.32188695669174194,0.3239246904850006
bicubic,56,2,0.0035296601708978415,0.8720042705535889,0.0,0.007754170801490545,0.17234551906585693,0.4588298201560974,0.36882466077804565
lanczos,56,2,0.003441903740167618,0.8616604804992676,0.0,0.007870682515203953,0.1816214919090271,0.43677595257759094,0.38160252571105957
esrgan,56,2,0.015543020330369473,4.4984259605407715,0.03999999910593033,0.016803273931145668,0.787689208984375,0.08320043236017227,0.12911033630371094
sen2sr,56,2,0.010090073570609093,2.473332405090332,0.0,0.012277984991669655,0.4366461932659149,0.25528785586357117,0.3080659508705139
bicubic,57,2,0.0019584607798606157,0.6952409744262695,0.0,0.00767527986317873,0.1171736866235733,0.1616605818271637,0.7211657762527466
lanczos,57,2,0.0018982866313308477,0.6860061883926392,0.0,0.007724136114120483,0.11673775315284729,0.16217383742332458,0.7210884094238281
esrgan,57,2,0.016431519761681557,8.832033157348633,0.04472135752439499,0.010711440816521645,0.374382883310318,0.187126025557518,0.4384911358356476
sen2sr,57,2,0.006933492608368397,3.910856246948242,0.0,0.012014931999146938,0.20128242671489716,0.09523386508226395,0.7034836411476135
bicubic,58,2,0.00253658345900476,0.6336972117424011,0.0,0.008553056046366692,0.2152249962091446,0.35367339849472046,0.43110164999961853
lanczos,58,2,0.002448233775794506,0.6154674291610718,0.0,0.008569231256842613,0.21841642260551453,0.34172454476356506,0.4398590326309204
esrgan,58,2,0.00944424793124199,2.935722589492798,0.04472135752439499,0.011343350633978844,0.6106576919555664,0.18499551713466644,0.20434673130512238
sen2sr,58,2,0.006676079705357552,1.4549672603607178,0.0,0.010622391477227211,0.35563015937805176,0.25514495372772217,0.38922491669654846
